file,rank,score,quality,direction,x_distance,y_distance,ob_conf,ob_x,ob_y,ob_w,ob_h,fvg_conf,fvg_x,fvg_y,fvg_w,fvg_h
gbpusd_h1_2025_20250319_150000_0014.txt,1,0.73394445,MEDIUM,bullish_candidate,0.007333999999999993,0.07073399999999996,0.472722,0.104007,0.389561,0.023783,0.0938154,0.85829,0.111341,0.318827,0.0415823,0.0478526
gbpusd_h1_2025_20250401_010000_0016.txt,1,0.6586423750000002,LOW,bullish_candidate,0.008108999999999922,0.030310000000000004,0.362441,0.547421,0.383339,0.0278197,0.0325674,0.644789,0.55553,0.353029,0.0458002,0.0239183
xauusd_h4_2025_20250825_160000_0011.txt,1,0.6338945750000001,LOW,bullish_candidate,0.009828999999999977,0.03176899999999999,0.35946,0.529385,0.432606,0.026157,0.0348454,0.586112,0.539214,0.400837,0.0427704,0.0279902
xauusd_h1_2025_20250127_120000_0005.txt,1,0.5911717249999999,LOW,bearish_candidate,0.007833400000000004,0.04419200000000001,0.418276,0.0769231,0.541453,0.0221904,0.0634594,0.388945,0.0847565,0.585645,0.0433899,0.0245743
gbpusd_h4_2025_20251009_000000_0013.txt,1,0.557722925,LOW,bullish_candidate,0.008682999999999996,0.06856900000000005,0.366664,0.253606,0.528213,0.0266517,0.0759049,0.386665,0.262289,0.459644,0.044057,0.0643679
