model,setting,conf_threshold,max_x_distance,max_y_distance,files_processed,detections_kept,pairs_generated,high,medium,low,avg_score,avg_ob_conf,avg_fvg_conf,highest_score,error
yolo11s,strict,0.35,0.08,0.25,32,53,15,0,4,11,0.6262101433333332,0.48079066666666664,0.4861322,0.6702866,
yolo11s,balanced,0.3,0.1,0.28,32,53,15,0,6,9,0.6355135266666666,0.48079066666666664,0.4861322,0.6801533142857142,
yolo11s,loose,0.25,0.12,0.3,32,53,15,0,6,9,0.6412709155555555,0.48079066666666664,0.4861322,0.6862767666666666,
yolo11n,strict,0.35,0.08,0.25,42,54,5,0,1,4,0.63507521,0.3959126,0.5729602,0.73394445,
yolo11n,balanced,0.3,0.1,0.28,42,54,5,0,1,4,0.64345614,0.3959126,0.5729602,0.7430753857142856,
yolo11n,loose,0.25,0.12,0.3,42,54,5,0,1,4,0.6486926066666667,0.3959126,0.5729602,0.7486574333333332,
