{
  "source": "ai\\classification\\reports\\ensemble\\ensemble_test_predictions.csv",
  "sample_count": 4127,
  "classes": [
    "bearish",
    "bullish",
    "sideways"
  ],
  "class_distribution": {
    "bearish": 0.18027622970680882,
    "bullish": 0.2551490186576206,
    "sideways": 0.5645747516355706
  },
  "confidence": {
    "mean": 0.8059110686077193,
    "std": 0.15419080957975842,
    "minimum": 0.363381210580633,
    "maximum": 0.9981742155656056,
    "bins": [
      0.0,
      0.1,
      0.2,
      0.30000000000000004,
      0.4,
      0.5,
      0.6000000000000001,
      0.7000000000000001,
      0.8,
      0.9,
      1.0
    ],
    "distribution": [
      0.0,
      0.0,
      0.0,
      0.001938454082868912,
      0.023261448994426944,
      0.11751877877392779,
      0.12430336806396898,
      0.15459171310879574,
      0.1972377029319118,
      0.3811485340440998
    ]
  },
  "entropy": {
    "mean": 0.47938885654416913,
    "std": 0.2640295042756823,
    "minimum": 0.0145830018970901,
    "maximum": 1.0963996907366362,
    "bins": [
      0.0,
      0.10986122886681098,
      0.21972245773362195,
      0.3295836866004329,
      0.4394449154672439,
      0.5493061443340549,
      0.6591673732008658,
      0.7690286020676769,
      0.8788898309344878,
      0.9887510598012987,
      1.0986122886681098
    ],
    "distribution": [
      0.0932881027380664,
      0.13036103707293434,
      0.1245456748243276,
      0.10322267991276957,
      0.10782650835958323,
      0.11339956384783136,
      0.1853646716743397,
      0.08892658105161134,
      0.03925369517809547,
      0.013811485340440998
    ]
  }
}