{
  "architecture": "googlenet",
  "checkpoint": "ai\\classification\\models\\ensemble\\googlenet.pt",
  "split": "test",
  "dataset": "ai\\datasets\\classification\\market_regime\\test",
  "device": "cpu",
  "metrics": {
    "accuracy": 0.8248122122607221,
    "balanced_accuracy": 0.8653355291329943,
    "macro_precision": 0.7781873329846031,
    "macro_recall": 0.8653355291329943,
    "macro_f1": 0.8090062024408896,
    "average_confidence": 0.8188382872432897,
    "average_entropy": 0.44392774211793873,
    "per_class": {
      "bearish": {
        "precision": 0.6453900709219859,
        "recall": 0.908485856905158,
        "f1": 0.7546648237733241,
        "support": 601
      },
      "bullish": {
        "precision": 0.7530017152658662,
        "recall": 0.9164926931106472,
        "f1": 0.8267419962335216,
        "support": 958
      },
      "sideways": {
        "precision": 0.9361702127659575,
        "recall": 0.7710280373831776,
        "f1": 0.8456117873158232,
        "support": 2568
      }
    },
    "confusion_matrix": [
      [
        546,
        0,
        55
      ],
      [
        0,
        878,
        80
      ],
      [
        300,
        288,
        1980
      ]
    ],
    "classification_report": {
      "bearish": {
        "precision": 0.6453900709219859,
        "recall": 0.908485856905158,
        "f1-score": 0.7546648237733241,
        "support": 601.0
      },
      "bullish": {
        "precision": 0.7530017152658662,
        "recall": 0.9164926931106472,
        "f1-score": 0.8267419962335216,
        "support": 958.0
      },
      "sideways": {
        "precision": 0.9361702127659575,
        "recall": 0.7710280373831776,
        "f1-score": 0.8456117873158232,
        "support": 2568.0
      },
      "accuracy": 0.8248122122607221,
      "macro avg": {
        "precision": 0.7781873329846031,
        "recall": 0.8653355291329943,
        "f1-score": 0.8090062024408896,
        "support": 4127.0
      },
      "weighted avg": {
        "precision": 0.8513060775943281,
        "recall": 0.8248122122607221,
        "f1-score": 0.8279872695193884,
        "support": 4127.0
      }
    },
    "inference": {
      "total_images": 4127,
      "total_seconds": 85.5404016,
      "milliseconds_per_image": 20.7270175914708
    }
  }
}