{
  "architecture": "resnet18",
  "checkpoint": "ai\\classification\\models\\ensemble\\resnet18.pt",
  "split": "test",
  "dataset": "ai\\datasets\\classification\\market_regime\\test",
  "device": "cpu",
  "metrics": {
    "accuracy": 0.8306275745093288,
    "balanced_accuracy": 0.8347980596274013,
    "macro_precision": 0.7902651237425887,
    "macro_recall": 0.8347980596274013,
    "macro_f1": 0.8094814339217575,
    "average_confidence": 0.7990861360533404,
    "average_entropy": 0.4916993064984367,
    "per_class": {
      "bearish": {
        "precision": 0.7211678832116788,
        "recall": 0.8219633943427621,
        "f1": 0.7682737169517885,
        "support": 601
      },
      "bullish": {
        "precision": 0.7479601087941976,
        "recall": 0.8611691022964509,
        "f1": 0.8005822416302766,
        "support": 958
      },
      "sideways": {
        "precision": 0.9016673792218897,
        "recall": 0.8212616822429907,
        "f1": 0.8595883431832076,
        "support": 2568
      }
    },
    "confusion_matrix": [
      [
        494,
        8,
        99
      ],
      [
        2,
        825,
        131
      ],
      [
        189,
        270,
        2109
      ]
    ],
    "classification_report": {
      "bearish": {
        "precision": 0.7211678832116788,
        "recall": 0.8219633943427621,
        "f1-score": 0.7682737169517885,
        "support": 601.0
      },
      "bullish": {
        "precision": 0.7479601087941976,
        "recall": 0.8611691022964509,
        "f1-score": 0.8005822416302766,
        "support": 958.0
      },
      "sideways": {
        "precision": 0.9016673792218897,
        "recall": 0.8212616822429907,
        "f1-score": 0.8595883431832076,
        "support": 2568.0
      },
      "accuracy": 0.8306275745093288,
      "macro avg": {
        "precision": 0.7902651237425887,
        "recall": 0.8347980596274013,
        "f1-score": 0.8094814339217575,
        "support": 4127.0
      },
      "weighted avg": {
        "precision": 0.8397018444092252,
        "recall": 0.8306275745093288,
        "f1-score": 0.832593447216939,
        "support": 4127.0
      }
    },
    "inference": {
      "total_images": 4127,
      "total_seconds": 53.9660793999999,
      "milliseconds_per_image": 13.076345868669712
    }
  }
}