
{
  "architecture": "vgg16",
  "checkpoint": "ai\\classification\\models\\ensemble\\vgg16.pt",
  "split": "test",
  "dataset": "ai\\datasets\\classification\\market_regime\\test",
  "device": "cpu",
  "metrics": {
    "accuracy": 0.829900654228253,
    "balanced_accuracy": 0.8530896438703296,
    "macro_precision": 0.7850291587366972,
    "macro_recall": 0.8530896438703296,
    "macro_f1": 0.810651313732416,
    "average_confidence": 0.8530797269389391,
    "average_entropy": 0.3622202684945545,
    "per_class": {
      "bearish": {
        "precision": 0.6455089820359281,
        "recall": 0.8968386023294509,
        "f1": 0.7506963788300836,
        "support": 601
      },
      "bullish": {
        "precision": 0.7959381044487428,
        "recall": 0.8590814196242171,
        "f1": 0.8263052208835341,
        "support": 958
      },
      "sideways": {
        "precision": 0.9136403897254207,
        "recall": 0.8033489096573209,
        "f1": 0.8549523414836303,
        "support": 2568
      }
    },
    "confusion_matrix": [
      [
        539,
        1,
        61
      ],
      [
        1,
        823,
        134
      ],
      [
        295,
        210,
        2063
      ]
    ],
    "classification_report": {
      "bearish": {
        "precision": 0.6455089820359281,
        "recall": 0.8968386023294509,
        "f1-score": 0.7506963788300836,
        "support": 601.0
      },
      "bullish": {
        "precision": 0.7959381044487428,
        "recall": 0.8590814196242171,
        "f1-score": 0.8263052208835341,
        "support": 958.0
      },
      "sideways": {
        "precision": 0.9136403897254207,
        "recall": 0.8033489096573209,
        "f1-score": 0.8549523414836303,
        "support": 2568.0
      },
      "accuracy": 0.829900654228253,
      "macro avg": {
        "precision": 0.7850291587366972,
        "recall": 0.8530896438703296,
        "f1-score": 0.810651313732416,
        "support": 4127.0
      },
      "weighted avg": {
        "precision": 0.8472711710880468,
        "recall": 0.829900654228253,
        "f1-score": 0.833120072259091,
        "support": 4127.0
      }
    },
    "inference": {
      "total_images": 4127,
      "total_seconds": 442.7000527,
      "milliseconds_per_image": 107.2692155803247
    }
  }
}