{
  "architecture": "vgg16",
  "checkpoint": "ai\\classification\\runs\\vgg16_resume_batch4\\best.pt",
  "split": "valid",
  "dataset": "ai\\datasets\\classification\\market_regime\\valid",
  "device": "cpu",
  "metrics": {
    "accuracy": 0.8270803270803271,
    "balanced_accuracy": 0.8386590997033977,
    "macro_precision": 0.784746871617024,
    "macro_recall": 0.8386590997033977,
    "macro_f1": 0.8074027808670956,
    "average_confidence": 0.8513540293933567,
    "average_entropy": 0.36622056314338475,
    "per_class": {
      "bearish": {
        "precision": 0.7127532777115614,
        "recall": 0.8742690058479532,
        "f1": 0.7852921864740644,
        "support": 684
      },
      "bullish": {
        "precision": 0.7391304347826086,
        "recall": 0.8268090154211151,
        "f1": 0.780515117581187,
        "support": 843
      },
      "sideways": {
        "precision": 0.9023569023569024,
        "recall": 0.814899277841125,
        "f1": 0.8564010385460356,
        "support": 2631
      }
    },
    "confusion_matrix": [
      [
        598,
        0,
        86
      ],
      [
        0,
        697,
        146
      ],
      [
        241,
        246,
        2144
      ]
    ],
    "classification_report": {
      "bearish": {
        "precision": 0.7127532777115614,
        "recall": 0.8742690058479532,
        "f1-score": 0.7852921864740644,
        "support": 684.0
      },
      "bullish": {
        "precision": 0.7391304347826086,
        "recall": 0.8268090154211151,
        "f1-score": 0.780515117581187,
        "support": 843.0
      },
      "sideways": {
        "precision": 0.9023569023569024,
        "recall": 0.814899277841125,
        "f1-score": 0.8564010385460356,
        "support": 2631.0
      },
      "accuracy": 0.8270803270803271,
      "macro avg": {
        "precision": 0.784746871617024,
        "recall": 0.8386590997033977,
        "f1-score": 0.8074027808670956,
        "support": 4158.0
      },
      "weighted avg": {
        "precision": 0.8380738837367622,
        "recall": 0.8270803270803271,
        "f1-score": 0.8293182376343964,
        "support": 4158.0
      }
    },
    "inference": {
      "total_images": 4158,
      "total_seconds": 372.4203558000154,
      "milliseconds_per_image": 89.56718513708883
    }
  }
}