{
  "architecture": "vgg11",
  "checkpoint": "ai\\classification\\runs\\vgg11_main_20e\\best.pt",
  "split": "valid",
  "dataset": "ai\\datasets\\classification\\market_regime\\valid",
  "device": "cpu",
  "metrics": {
    "accuracy": 0.8338143338143338,
    "balanced_accuracy": 0.8009309003299033,
    "macro_precision": 0.8068141183110241,
    "macro_recall": 0.8009309003299033,
    "macro_f1": 0.8037666517226082,
    "average_confidence": 0.8456570839813089,
    "average_entropy": 0.3859254938861406,
    "per_class": {
      "bearish": {
        "precision": 0.7711370262390671,
        "recall": 0.7733918128654971,
        "f1": 0.7722627737226277,
        "support": 684
      },
      "bullish": {
        "precision": 0.7842170160295932,
        "recall": 0.7544483985765125,
        "f1": 0.7690447400241838,
        "support": 843
      },
      "sideways": {
        "precision": 0.8650883126644119,
        "recall": 0.8749524895477004,
        "f1": 0.8699924414210128,
        "support": 2631
      }
    },
    "confusion_matrix": [
      [
        529,
        1,
        154
      ],
      [
        2,
        636,
        205
      ],
      [
        155,
        174,
        2302
      ]
    ],
    "classification_report": {
      "bearish": {
        "precision": 0.7711370262390671,
        "recall": 0.7733918128654971,
        "f1-score": 0.7722627737226277,
        "support": 684.0
      },
      "bullish": {
        "precision": 0.7842170160295932,
        "recall": 0.7544483985765125,
        "f1-score": 0.7690447400241838,
        "support": 843.0
      },
      "sideways": {
        "precision": 0.8650883126644119,
        "recall": 0.8749524895477004,
        "f1-score": 0.8699924414210128,
        "support": 2631.0
      },
      "accuracy": 0.8338143338143338,
      "macro avg": {
        "precision": 0.8068141183110241,
        "recall": 0.8009309003299033,
        "f1-score": 0.8037666517226082,
        "support": 4158.0
      },
      "weighted avg": {
        "precision": 0.8332371383070074,
        "recall": 0.8338143338143338,
        "f1-score": 0.8334493906794972,
        "support": 4158.0
      }
    },
    "inference": {
      "total_images": 4158,
      "total_seconds": 214.9573611000087,
      "milliseconds_per_image": 51.69729704184914
    }
  }
}